{"cameraMode":{"drawMode":0,"name":"Shaded","section":"Shading Mode"},"sceneLighting":true,"audioPlay":false,"sceneViewState":{"showFog":true,"showMaterialUpdate":false,"showSkybox":true,"showFlares":true,"showImageEffects":true,"showParticleSystems":true},"in2DMode":false,"pivot":{"x":-0.18621677160263062,"y":0.0,"z":0.7890377044677734},"rotation":{"x":-0.052017178386449817,"y":0.7918276786804199,"z":-0.06811350584030152,"w":-0.6047025918960571},"size":0.8660253882408142,"orthographic":false}